{
  "W": [
    [
      -0.012883804206570714,
      -0.015344031783847866,
      -0.009145739399727506,
      0.07030425578696675,
      -0.012599710715969274,
      -0.14970476041600225,
      0.032998362688972056,
      -0.025849672639981395,
      -0.020486493651702655,
      0.011940853184905908
    ],
    [
      0.022841459644168654,
      0.11511541204658321,
      0.06474818526106989,
      0.011076203432398077,
      -0.07388025563324527,
      -0.1014703826695656,
      0.025966164268161594,
      0.13012753672077987,
      0.00296117927717359,
      -0.010772597162591014
    ],
    [
      0.0520407073353682,
      -0.14606040143684063,
      -0.03229811305269771,
      0.04890488429425706,
      0.08722941627438864,
      -0.02408940236281293,
      0.03656151283954914,
      0.024917815722730857,
      0.07822781322071222,
      -0.11153432815412491
    ]
  ],
  "b": [
    0.003777628767421485,
    -0.0017489811425159365,
    -0.0020286476249055502
  ],
  "lr": 0.001
}