{
  "timestamp": "2026-04-05T00:04:10.069486",
  "experiment": "04_reinforce_poc",
  "config": {
    "n_episodes": 500,
    "claims_per_episode": 100,
    "fraud_rate": 0.2,
    "investigation_budget": 15,
    "lr": 0.001,
    "gamma": 0.99,
    "use_baseline": true
  },
  "training_time_s": 65.88776588439941,
  "learning": {
    "first_quartile_mean_reward": -2464.8033727999987,
    "last_quartile_mean_reward": -2465.900236799999,
    "improvement": -1.0968640000005507
  }
}