{
  "W": [
    [
      0.1751832770362799,
      0.21664714265602975,
      0.22797441764757181,
      0.08848991732713199,
      0.003521437380055429,
      -0.14582161865525636,
      0.2060345849757533,
      0.08017452156403555,
      0.15199995478811587,
      0.05639881850597675
    ],
    [
      0.03532950520501099,
      0.07667227377521448,
      0.05815781748567255,
      0.021992332637872876,
      -0.06616522975623808,
      -0.09856109024598671,
      -0.055686203878657185,
      0.054691801173524644,
      0.01982050305609404,
      -0.008763107131195963
    ],
    [
      -0.14851441946832483,
      -0.3396084376053498,
      -0.2628279023245997,
      0.019803093548617267,
      0.06339324230135643,
      -0.03088183654713817,
      -0.054822341300413434,
      -0.0056706429340309585,
      -0.11111795899802687,
      -0.15800178350659067
    ]
  ],
  "b": [
    0.4374513153207591,
    -0.010336006760301572,
    -0.42711530856045715
  ],
  "lr": 0.1
}