{
  "W": [
    [
      -0.013603713466549313,
      -0.015802497372174904,
      -0.009774676663061229,
      0.07032200123024103,
      -0.012639832941142445,
      -0.1497128705148935,
      0.03361802331434411,
      -0.026263662607864013,
      -0.02060896119424463,
      0.01183336052228571
    ],
    [
      0.02273801127558575,
      0.1154039369320438,
      0.06477254842205105,
      0.011000086861891967,
      -0.07388567161098787,
      -0.10149278979218711,
      0.024646399384396556,
      0.13044492786804662,
      0.003452384715721666,
      -0.010819589771672421
    ],
    [
      0.05286406496392971,
      -0.14589046073397408,
      -0.03169353895034524,
      0.048963255421488903,
      0.0872749544773042,
      -0.024058885141300453,
      0.037261617097942054,
      0.025014414543346953,
      0.0778590753247062,
      -0.1113798428824234
    ]
  ],
  "b": [
    0.0025528334711336664,
    -0.0015397872244844774,
    -0.001013046246649191
  ],
  "lr": 0.001
}