{
  "W": [
    [
      -0.01300684109662711,
      -0.0170097305490154,
      -0.010060578462876323,
      0.07030159278791275,
      -0.012703597178769841,
      -0.14973101360477292,
      0.034766239382693964,
      -0.026332045511589422,
      -0.0209326430889893,
      0.011729899879287924
    ],
    [
      0.023095610234258254,
      0.11622607874493704,
      0.06548614524679298,
      0.010952078829920697,
      -0.07388958163247529,
      -0.10146226729760702,
      0.02400999484593009,
      0.13083390355460237,
      0.003974236617250593,
      -0.010625538607324077
    ],
    [
      0.051909593635335045,
      -0.14550536937002712,
      -0.03212123397527207,
      0.049031671895788546,
      0.08734262873641896,
      -0.024071264546001052,
      0.03674980556805868,
      0.024693821760516484,
      0.07766090531792182,
      -0.11147043340377406
    ]
  ],
  "b": [
    0.0017568430436302024,
    -0.0003228236885183397,
    -0.0014340193551118626
  ],
  "lr": 0.001
}