{
  "W": [
    [
      -10.31401608452263,
      2.4126961785332592,
      -4.338163428367561,
      -0.7509336750567926,
      0.3024230433081565,
      -0.5019280044343641,
      0.46453390191958704,
      -6.92888516763886,
      7.684658391264311,
      -1.2528352250122505
    ],
    [
      35.506854194958414,
      -7.355597839976707,
      14.772906304682659,
      2.6551102274558334,
      -1.0117675215632769,
      1.164772549078127,
      -1.2905190290526747,
      15.829016763727735,
      -19.858885799382524,
      4.567025485956864
    ],
    [
      -25.13083974766282,
      4.896612640269343,
      -10.411438543506447,
      -1.7738912088854186,
      0.7100939281802944,
      -0.938109090092144,
      0.9215111669297706,
      -8.770935916285348,
      12.234929906964393,
      -3.42455633307642
    ]
  ],
  "b": [
    -7.255319043591826,
    25.57160642477596,
    -18.31628738118413
  ],
  "lr": 0.005
}