{
  "W": [
    [
      -0.013229091179178122,
      -0.015512931435835743,
      -0.009439062590615556,
      0.07029282390265726,
      -0.012656403857957445,
      -0.1497589446451604,
      0.032857344759021814,
      -0.026541725848627643,
      -0.02035785833487746,
      0.011837166886210816
    ],
    [
      0.023489664600239612,
      0.11595390355839301,
      0.06554275543140471,
      0.011198519161865868,
      -0.07375685800901505,
      -0.10135661373724464,
      0.0251018074363631,
      0.1309351817890117,
      0.0037391540181741325,
      -0.0104362817203391
    ],
    [
      0.05173778935190474,
      -0.14672999329666261,
      -0.032799360032144516,
      0.048794000449098915,
      0.08716271179214634,
      -0.024148987065976107,
      0.03756688760129794,
      0.024802223863145303,
      0.07732120316288645,
      -0.11176695729768209
    ]
  ],
  "b": [
    0.003315245292945843,
    -0.00023084002735385196,
    -0.0030844052655919865
  ],
  "lr": 0.001
}