{
  "timestamp": "2026-04-04T23:34:56.297995",
  "budget": 10,
  "n_episodes": 10,
  "agents": [
    {
      "name": "RandomAgent",
      "model": "none",
      "mean_reward": -1860.018800000003,
      "std_reward": 171.62740582291661,
      "mean_f1": 0.10331396655671901,
      "mean_budget_utilization": 0.99,
      "mean_budget_conservation_rate": 0.25,
      "mean_memory_reuse_rate": 0.8012595737595738,
      "mean_net_savings": -4768.8369999999995
    },
    {
      "name": "ThresholdAgent",
      "model": "none",
      "mean_reward": -764.836319999999,
      "std_reward": 226.12150767336047,
      "mean_f1": 0.13535861878572877,
      "mean_budget_utilization": 0.0,
      "mean_budget_conservation_rate": 0.0,
      "mean_memory_reuse_rate": 0.0,
      "mean_net_savings": -1800.4100000000003
    }
  ]
}