{
  "timestamp": "2026-04-04T23:34:55.377614",
  "budget": 5,
  "n_episodes": 10,
  "agents": [
    {
      "name": "RandomAgent",
      "model": "none",
      "mean_reward": -1720.3878800000025,
      "std_reward": 173.27003053925316,
      "mean_f1": 0.0996129505915521,
      "mean_budget_utilization": 1.0,
      "mean_budget_conservation_rate": 0.37083333333333335,
      "mean_memory_reuse_rate": 0.8651709401709402,
      "mean_net_savings": -4509.405
    },
    {
      "name": "ThresholdAgent",
      "model": "none",
      "mean_reward": -764.836319999999,
      "std_reward": 226.12150767336047,
      "mean_f1": 0.13535861878572877,
      "mean_budget_utilization": 0.0,
      "mean_budget_conservation_rate": 0.0,
      "mean_memory_reuse_rate": 0.0,
      "mean_net_savings": -1800.4100000000003
    }
  ]
}